Ссылка,Товар,Бренд
Two Kings,Водолазка,https://www.wildberries.ru/catalog/9947066/detail.aspx?targetUrl=GP
Two Kings,Водолазка,https://www.wildberries.ru/catalog/9947067/detail.aspx?targetUrl=GP
Two Kings,Водолазка,https://www.wildberries.ru/catalog/10295664/detail.aspx?targetUrl=GP
ТВОЕ,"Водолазка, Basic",https://www.wildberries.ru/catalog/8769079/detail.aspx?targetUrl=GP
S.OLIVER,Водолазка,https://www.wildberries.ru/catalog/10013729/detail.aspx?targetUrl=GP
Two Kings,Водолазка,https://www.wildberries.ru/catalog/10295665/detail.aspx?targetUrl=GP
SLINE,Водолазка,https://www.wildberries.ru/catalog/10585558/detail.aspx?targetUrl=GP
Two Kings,Водолазка,https://www.wildberries.ru/catalog/10295666/detail.aspx?targetUrl=GP
Envy Lab,Водолазка,https://www.wildberries.ru/catalog/9512621/detail.aspx?targetUrl=GP
Envy Lab,Водолазка,https://www.wildberries.ru/catalog/9512620/detail.aspx?targetUrl=GP
MEXX,Водолазка,https://www.wildberries.ru/catalog/10562443/detail.aspx?targetUrl=GP
oodji,Водолазка,https://www.wildberries.ru/catalog/8939099/detail.aspx?targetUrl=GP
ЧЕБОКСАРСКИЙ ТРИКОТАЖ,Водолазка,https://www.wildberries.ru/catalog/11007113/detail.aspx?targetUrl=GP
ЧЕБОКСАРСКИЙ ТРИКОТАЖ,Водолазка,https://www.wildberries.ru/catalog/10035168/detail.aspx?targetUrl=GP
oodji,Водолазка,https://www.wildberries.ru/catalog/10307556/detail.aspx?targetUrl=GP
S.OLIVER,Водолазка,https://www.wildberries.ru/catalog/10013730/detail.aspx?targetUrl=GP
Two Kings,Водолазка,https://www.wildberries.ru/catalog/10295662/detail.aspx?targetUrl=GP
ЧЕБОКСАРСКИЙ ТРИКОТАЖ,Водолазка,https://www.wildberries.ru/catalog/8003253/detail.aspx?targetUrl=GP
ТВОЕ,"Водолазка, Basic",https://www.wildberries.ru/catalog/8718450/detail.aspx?targetUrl=GP
O'STIN,Водолазка,https://www.wildberries.ru/catalog/10397597/detail.aspx?targetUrl=GP
Diona,Водолазка,https://www.wildberries.ru/catalog/10034901/detail.aspx?targetUrl=GP
MEXX,Водолазка,https://www.wildberries.ru/catalog/10562442/detail.aspx?targetUrl=GP
ШИК,Водолазка,https://www.wildberries.ru/catalog/6741509/detail.aspx?targetUrl=GP
oodji,Водолазка,https://www.wildberries.ru/catalog/8939102/detail.aspx?targetUrl=GP
MAER,Водолазка,https://www.wildberries.ru/catalog/8792989/detail.aspx?targetUrl=GP
HUGO,Джемпер,https://www.wildberries.ru/catalog/10346553/detail.aspx?targetUrl=GP
Cubo Nero,Водолазка,https://www.wildberries.ru/catalog/6892468/detail.aspx?targetUrl=GP
Baon,Джемпер,https://www.wildberries.ru/catalog/9624324/detail.aspx?targetUrl=GP
oodji,Водолазка,https://www.wildberries.ru/catalog/10215745/detail.aspx?targetUrl=GP
Gepard,джемпер,https://www.wildberries.ru/catalog/6430766/detail.aspx?targetUrl=GP
MEXX,Водолазка,https://www.wildberries.ru/catalog/10562444/detail.aspx?targetUrl=GP
MAER,Водолазка,https://www.wildberries.ru/catalog/8792984/detail.aspx?targetUrl=GP
HUGO,Джемпер,https://www.wildberries.ru/catalog/10346500/detail.aspx?targetUrl=GP
oodji,Водолазка,https://www.wildberries.ru/catalog/3027913/detail.aspx?targetUrl=GP
Lacoste,Джемпер,https://www.wildberries.ru/catalog/9467809/detail.aspx?targetUrl=GP
Befree,Водолазка,https://www.wildberries.ru/catalog/10581159/detail.aspx?targetUrl=GP
O'STIN,Водолазка,https://www.wildberries.ru/catalog/10397598/detail.aspx?targetUrl=GP
oodji,Водолазка,https://www.wildberries.ru/catalog/6484186/detail.aspx?targetUrl=GP
Gepard,джемпер,https://www.wildberries.ru/catalog/6430767/detail.aspx?targetUrl=GP
Two Kings,Водолазка,https://www.wildberries.ru/catalog/10295661/detail.aspx?targetUrl=GP
Oscar Cordoba,Водолазка,https://www.wildberries.ru/catalog/8664183/detail.aspx?targetUrl=GP
MANGO MAN,Водолазка,https://www.wildberries.ru/catalog/10227443/detail.aspx?targetUrl=GP
MAER,Водолазка,https://www.wildberries.ru/catalog/6179715/detail.aspx?targetUrl=GP
Modis,Джемпер,https://www.wildberries.ru/catalog/9381046/detail.aspx?targetUrl=GP
Oscar Cordoba,Водолазка,https://www.wildberries.ru/catalog/8664189/detail.aspx?targetUrl=GP
oodji,Водолазка,https://www.wildberries.ru/catalog/4506379/detail.aspx?targetUrl=GP
modify,свитер,https://www.wildberries.ru/catalog/10725976/detail.aspx?targetUrl=GP
Doctor TM,Водолазка шерстяная из верблюжьей шерсти,https://www.wildberries.ru/catalog/11082553/detail.aspx?targetUrl=GP
Begood,Джемпер,https://www.wildberries.ru/catalog/8757797/detail.aspx?targetUrl=GP
MAER,Водолазка,https://www.wildberries.ru/catalog/6179718/detail.aspx?targetUrl=GP
Cubo Nero,Водолазка,https://www.wildberries.ru/catalog/7321446/detail.aspx?targetUrl=GP
Lacoste,Толстовка,https://www.wildberries.ru/catalog/9105961/detail.aspx?targetUrl=GP
Diona,Водолазка,https://www.wildberries.ru/catalog/6881596/detail.aspx?targetUrl=GP
oodji,"Водолазка, 3 шт.",https://www.wildberries.ru/catalog/4577343/detail.aspx?targetUrl=GP
Cubo Nero,Водолазка,https://www.wildberries.ru/catalog/7283601/detail.aspx?targetUrl=GP
oodji,Водолазка,https://www.wildberries.ru/catalog/8939100/detail.aspx?targetUrl=GP
MAER,Водолазка,https://www.wildberries.ru/catalog/6179714/detail.aspx?targetUrl=GP
Intimidea,Водолазка,https://www.wildberries.ru/catalog/3185209/detail.aspx?targetUrl=GP
United Colors of Benetton,Водолазка,https://www.wildberries.ru/catalog/8665525/detail.aspx?targetUrl=GP
PEPE JEANS LONDON,Водолазка,https://www.wildberries.ru/catalog/11218165/detail.aspx?targetUrl=GP
Befree,Водолазка,https://www.wildberries.ru/catalog/10581162/detail.aspx?targetUrl=GP
oodji,Водолазка,https://www.wildberries.ru/catalog/8964236/detail.aspx?targetUrl=GP
Cubo Nero,Водолазка,https://www.wildberries.ru/catalog/6416751/detail.aspx?targetUrl=GP
ТВОЕ,"Водолазка, Basic",https://www.wildberries.ru/catalog/8769078/detail.aspx?targetUrl=GP
Oscar Cordoba,Водолазка,https://www.wildberries.ru/catalog/8664188/detail.aspx?targetUrl=GP
Cubo Nero,Водолазка,https://www.wildberries.ru/catalog/6416754/detail.aspx?targetUrl=GP
Gepard,Водолазка,https://www.wildberries.ru/catalog/6263249/detail.aspx?targetUrl=GP
modify,Водолазка,https://www.wildberries.ru/catalog/10725973/detail.aspx?targetUrl=GP
Lacoste,Джемпер,https://www.wildberries.ru/catalog/9467810/detail.aspx?targetUrl=GP
Gepard,Водолазка,https://www.wildberries.ru/catalog/6263252/detail.aspx?targetUrl=GP
A PASSION PLAY,Водолазка,https://www.wildberries.ru/catalog/8978916/detail.aspx?targetUrl=GP
NED STAR,Водолазка,https://www.wildberries.ru/catalog/10244699/detail.aspx?targetUrl=GP
Befree,Водолазка,https://www.wildberries.ru/catalog/10581160/detail.aspx?targetUrl=GP
THE GANGSTER,Джемпер,https://www.wildberries.ru/catalog/11005239/detail.aspx?targetUrl=GP
Oscar Cordoba,Водолазка,https://www.wildberries.ru/catalog/8664187/detail.aspx?targetUrl=GP
Oscar Cordoba,Водолазка,https://www.wildberries.ru/catalog/8938295/detail.aspx?targetUrl=GP
Cubo Nero,Водолазка,https://www.wildberries.ru/catalog/7283600/detail.aspx?targetUrl=GP
Oscar Cordoba,Водолазка,https://www.wildberries.ru/catalog/8664184/detail.aspx?targetUrl=GP
BendClub,Водолазка,https://www.wildberries.ru/catalog/8916010/detail.aspx?targetUrl=GP
HENDERSON,Водолазка,https://www.wildberries.ru/catalog/9027340/detail.aspx?targetUrl=GP
Diona,Водолазка,https://www.wildberries.ru/catalog/11016675/detail.aspx?targetUrl=GP
Two Kings,Водолазка,https://www.wildberries.ru/catalog/10295663/detail.aspx?targetUrl=GP
KOTON,Водолазка,https://www.wildberries.ru/catalog/10017133/detail.aspx?targetUrl=GP
Free age Fashion,Водолазка,https://www.wildberries.ru/catalog/10944012/detail.aspx?targetUrl=GP
VAY,Джемпер,https://www.wildberries.ru/catalog/9240067/detail.aspx?targetUrl=GP
Lion of Porches,Водолазки,https://www.wildberries.ru/catalog/11776283/detail.aspx?targetUrl=GP
ESQUDO,Водолазка,https://www.wildberries.ru/catalog/9796518/detail.aspx?targetUrl=GP
ANDER WELT,Водолазка,https://www.wildberries.ru/catalog/4644671/detail.aspx?targetUrl=GP
ESQUDO,Водолазка,https://www.wildberries.ru/catalog/9796517/detail.aspx?targetUrl=GP
oodji,Водолазка,https://www.wildberries.ru/catalog/9338580/detail.aspx?targetUrl=GP
MELANA,Водолазка,https://www.wildberries.ru/catalog/9507680/detail.aspx?targetUrl=GP
ESQUDO,Водолазка,https://www.wildberries.ru/catalog/9796535/detail.aspx?targetUrl=GP
JORINDO,Кофта,https://www.wildberries.ru/catalog/10623544/detail.aspx?targetUrl=GP
HUGO,Джемпер,https://www.wildberries.ru/catalog/10346499/detail.aspx?targetUrl=GP
Diona,Водолазка,https://www.wildberries.ru/catalog/11016674/detail.aspx?targetUrl=GP
MANGO MAN,Водолазка,https://www.wildberries.ru/catalog/10253596/detail.aspx?targetUrl=GP
CAZADOR,Водолазка,https://www.wildberries.ru/catalog/10134010/detail.aspx?targetUrl=GP
oodji,Водолазка,https://www.wildberries.ru/catalog/6288301/detail.aspx?targetUrl=GP
ESQUDO,Водолазка,https://www.wildberries.ru/catalog/9796532/detail.aspx?targetUrl=GP
Oscar Cordoba,Водолазка,https://www.wildberries.ru/catalog/8938292/detail.aspx?targetUrl=GP
